{
	"ApiId" : "icepick",
	"Name" : "Icepick Framework",
	"Description" : "The framework that allows the Icepick to function inside Titanfall 2.",
	"Authors" : [
		"James Wilkinson"
	],
	"Contacts" : [
		"titanfall@jameswilko.com"
	],
	"Version" : "1.0",
	"CustomScripts": [
		{
			"Path": "spmp_autoprecache.nut",
			"RunOn": "CLIENT || SERVER",
			"ClientCallback" : "MP_AutoPrecache",
			"ServerCallback" : "MP_AutoPrecache"
		},
		{
			"Path": "sh_quaternions.nut",
			"RunOn": "CLIENT || SERVER"
		},
		{
			"Path": "sh_toolgun_globals.nut",
			"RunOn": "SERVER || CLIENT"
		},
		{
			"Path": "sh_toolgun_utils.nut",
			"RunOn": "SERVER || CLIENT"
		},
		{
			"Path": "sh_convars.nut",
			"RunOn": "SERVER || CLIENT",
			"ClientCallback": "Convars_Shared_Init",
			"ServerCallback": "Convars_Shared_Init"
		},
		{
			"Path": "spawnmenu/spmp_compiled_spawn_list.nut",
			"RunOn": "SERVER || CLIENT"
		},
		{
			"Path": "sh_spawnlists.nut",
			"RunOn": "SERVER || CLIENT",
			"ClientCallback": "SpawnList_Shared_Init",
			"ServerCallback": "SpawnList_Shared_Init"
		},
		{
			"Path": "toolgun/sh_toolgun.nut",
			"RunOn": "SERVER || CLIENT",
			"ClientCallback": "Toolgun_Shared_Init",
			"ServerCallback": "Toolgun_Shared_Init"
		},
		{
			"Path": "toolgun/sv_toolgun.nut",
			"RunOn": "SERVER"
		},
		{
			"Path": "toolgun/cl_toolgun.nut",
			"RunOn": "CLIENT"
		},
		{
			"Path": "toolgun/ui_toolgun.nut",
			"RunOn": "CLIENT"
		},
		{
			"Path": "tools/sh_tool_zipline.nut",
			"RunOn": "SERVER || CLIENT",
			"ClientCallback": "Toolgun_RegisterTool_ZiplineSpawner",
			"ServerCallback": "Toolgun_RegisterTool_ZiplineSpawner"
		},
		{
			"Path": "tools/sh_tool_camera.nut",
			"RunOn": "SERVER || CLIENT",
			"ClientCallback": "Toolgun_RegisterTool_CameraPlacer",
			"ServerCallback": "Toolgun_RegisterTool_CameraPlacer"
		},
		{
			"Path": "tools/sh_tool_nudge_prop.nut",
			"RunOn": "SERVER || CLIENT",
			"ClientCallback": "Toolgun_RegisterTool_NudgeProp",
			"ServerCallback": "Toolgun_RegisterTool_NudgeProp"
		},
		{
			"Path": "tools/sh_tool_prop_info.nut",
			"RunOn": "SERVER || CLIENT",
			"ClientCallback": "Toolgun_RegisterTool_PropInfo",
			"ServerCallback": "Toolgun_RegisterTool_PropInfo"
		},
		{
			"Path": "tools/sh_tool_remove_prop.nut",
			"RunOn": "SERVER || CLIENT",
			"ClientCallback": "Toolgun_RegisterTool_RemoveProp",
			"ServerCallback": "Toolgun_RegisterTool_RemoveProp"
		},
		{
			"Path": "tools/sh_tool_stacker.nut",
			"RunOn": "SERVER || CLIENT",
			"ClientCallback": "Toolgun_RegisterTool_Stacker",
			"ServerCallback": "Toolgun_RegisterTool_Stacker"
		},
		{
			"Path": "tools/sh_tool_timeshift_mirror.nut",
			"RunOn": "SERVER || CLIENT",
			"ClientCallback": "Toolgun_RegisterTool_TimeshiftMirror",
			"ServerCallback": "Toolgun_RegisterTool_TimeshiftMirror"
		},
		{
			"Path": "tools/sh_tool_prop_spawner.nut",
			"RunOn": "SERVER || CLIENT",
			"ClientCallback": "Toolgun_RegisterTool_PropSpawner",
			"ServerCallback": "Toolgun_RegisterTool_PropSpawner"
		},
		{
			"Path": "tools/sh_tool_teleporter.nut",
			"RunOn": "SERVER || CLIENT",
			"ClientCallback": "Toolgun_RegisterTool_TeleporterSpawner",
			"ServerCallback": "Toolgun_RegisterTool_TeleporterSpawner"
		},
		{
			"Path": "tools/sh_tool_spawn_point.nut",
			"RunOn": "SERVER || CLIENT",
			"ClientCallback": "Toolgun_RegisterTool_SpawnPoint",
			"ServerCallback": "Toolgun_RegisterTool_SpawnPoint"
		},
		{
			"Path": "tools/sh_tool_weld.nut",
			"RunOn": "SERVER || CLIENT",
			"ClientCallback": "Toolgun_RegisterTool_Welder",
			"ServerCallback": "Toolgun_RegisterTool_Welder"
		},
		{
			"Path": "tools/sh_tool_unweld.nut",
			"RunOn": "SERVER || CLIENT",
			"ClientCallback": "Toolgun_RegisterTool_Unwelder",
			"ServerCallback": "Toolgun_RegisterTool_Unwelder"
		},
		{
			"Path": "tools/sh_tool_rope.nut",
			"RunOn": "SERVER || CLIENT",
			"ClientCallback": "Toolgun_RegisterTool_Rope",
			"ServerCallback": "Toolgun_RegisterTool_Rope"
		},
		{
			"Path": "tools/sh_tool_throw.nut",
			"RunOn": "SERVER || CLIENT",
			"ClientCallback": "Toolgun_RegisterTool_TitanThrow",
			"ServerCallback": "Toolgun_RegisterTool_TitanThrow"
		},
		{
			"Path": "sh_precache_weapons.nut",
			"RunOn": "SERVER || CLIENT",
			"ClientCallback": "Sh_PrecacheWeapons",
			"ServerCallback": "Sh_PrecacheWeapons"
		},
		{
			"Path": "sh_beam_helper.nut",
			"RunOn": "SERVER || CLIENT"
		},
		{
			"Path": "spawnmenu/sh_spawnmenu.nut",
			"RunOn": "SERVER || CLIENT",
			"ClientCallback" : "Spawnmenu_Init",
			"ServerCallback": "Spawnmenu_Init"
		},
		{
			"Path": "spawnmenu/sh_spawnmenu_entities.nut",
			"RunOn": "SERVER || CLIENT",
			"ClientCallback" : "Spawnmenu_Init_Entities",
			"ServerCallback": "Spawnmenu_Init_Entities"
		},
		{
			"Path": "spawnmenu/sh_spawnmenu_weapons.nut",
			"RunOn": "SERVER || CLIENT",
			"ClientCallback" : "Spawnmenu_Init_Weapons",
			"ServerCallback": "Spawnmenu_Init_Weapons"
		},
		{
			"Path": "spawnmenu/sh_spawnmenu_saves.nut",
			"RunOn": "SERVER || CLIENT",
			"ClientCallback" : "Spawnmenu_Init_Saves",
			"ServerCallback": "Spawnmenu_Init_Saves"
		},
		{
			"Path": "spawnmenu/sh_spawnmenu_utilities.nut",
			"RunOn": "SERVER || CLIENT",
			"ClientCallback" : "Spawnmenu_Init_Utils",
			"ServerCallback": "Spawnmenu_Init_Utils"
		},
		{
			"Path": "toolgun/sv_save_writer.nut",
			"RunOn": "SERVER"
		},
		{
			"Path": "toolgun/sv_save_loader.nut",
			"RunOn": "SERVER"
		},
	],
}
